GEO_ID,NAME,csr_year,starting_grade,ending_grade,enrollment_start,enrollment_end,csr,weight,weighted_csr
0500000US25001,"Barnstable County, Massachusetts",2020,4,5,2501.0,2304.0,0.9212315073970412,0.15,0.13818472610955618
0500000US25001,"Barnstable County, Massachusetts",2021,4,5,2462.0,2662.0,1.0812347684809098,0.15,0.16218521527213647
0500000US25001,"Barnstable County, Massachusetts",2022,4,5,2423.0,1675.0,0.6912917870408585,0.15,0.10369376805612877
0500000US25001,"Barnstable County, Massachusetts",2023,4,5,1691.0,2081.0,1.2306327616794797,0.15,0.18459491425192195
0500000US25001,"Barnstable County, Massachusetts",2024,4,5,2083.0,1173.0,0.5631301008161306,0.4,0.22525204032645224
0500000US25001,"Barnstable County, Massachusetts",2020,5,6,1946.0,2096.5,1.0773381294964028,0.15,0.16160071942446042
0500000US25001,"Barnstable County, Massachusetts",2021,5,6,2304.0,1578.0,0.6848958333333334,0.15,0.102734375
0500000US25001,"Barnstable County, Massachusetts",2022,5,6,2662.0,932.0,0.3501126972201352,0.15,0.05251690458302028
0500000US25001,"Barnstable County, Massachusetts",2023,5,6,1675.0,909.0,0.5426865671641791,0.15,0.08140298507462686
0500000US25001,"Barnstable County, Massachusetts",2024,5,6,2081.0,2242.0,1.0773666506487265,0.4,0.43094666025949063
0500000US25001,"Barnstable County, Massachusetts",2020,6,7,2615.0,2270.0,0.8680688336520076,0.15,0.13021032504780114
0500000US25001,"Barnstable County, Massachusetts",2021,6,7,2096.5,2402.0,1.145719055568805,0.15,0.17185785833532075
0500000US25001,"Barnstable County, Massachusetts",2022,6,7,1578.0,1687.0,1.0690747782002534,0.15,0.160361216730038
0500000US25001,"Barnstable County, Massachusetts",2023,6,7,932.0,1813.0,1.9452789699570816,0.15,0.29179184549356224
0500000US25001,"Barnstable County, Massachusetts",2024,6,7,909.0,2360.0,2.5962596259625963,0.4,1.0385038503850386
0500000US25001,"Barnstable County, Massachusetts",2020,7,8,2138.0,1850.5,0.8655285313376988,0.15,0.1298292797006548
0500000US25001,"Barnstable County, Massachusetts",2021,7,8,2270.0,2299.0,1.0127753303964757,0.15,0.15191629955947136
0500000US25001,"Barnstable County, Massachusetts",2022,7,8,2402.0,2748.0,1.1440466278101582,0.15,0.17160699417152372
0500000US25001,"Barnstable County, Massachusetts",2023,7,8,1687.0,2446.0,1.4499110847658565,0.15,0.21748666271487846
0500000US25001,"Barnstable County, Massachusetts",2024,7,8,1813.0,1759.0,0.9702151130722559,0.4,0.3880860452289024
0500000US25001,"Barnstable County, Massachusetts",2020,8,9,1402.0,2021.5,1.4418687589158345,0.15,0.21628031383737517
0500000US25001,"Barnstable County, Massachusetts",2021,8,9,1850.5,2207.0,1.1926506349635233,0.15,0.1788975952445285
0500000US25001,"Barnstable County, Massachusetts",2022,8,9,2299.0,2313.0,1.0060896041757286,0.15,0.15091344062635928
0500000US25001,"Barnstable County, Massachusetts",2023,8,9,2748.0,1404.0,0.5109170305676856,0.15,0.07663755458515283
0500000US25001,"Barnstable County, Massachusetts",2024,8,9,2446.0,1170.0,0.4783319705641864,0.4,0.19133278822567457
0500000US25001,"Barnstable County, Massachusetts",2020,9,10,1836.0,2704.0,1.4727668845315904,0.15,0.22091503267973855
0500000US25001,"Barnstable County, Massachusetts",2021,9,10,2021.5,2659.0,1.31535988127628,0.15,0.197303982191442
0500000US25001,"Barnstable County, Massachusetts",2022,9,10,2207.0,1440.0,0.6524694154961486,0.15,0.09787041232442228
0500000US25001,"Barnstable County, Massachusetts",2023,9,10,2313.0,1432.0,0.6191093817552962,0.15,0.09286640726329443
0500000US25001,"Barnstable County, Massachusetts",2024,9,10,1404.0,3218.0,2.292022792022792,0.4,0.9168091168091168
0500000US25001,"Barnstable County, Massachusetts",2020,10,11,2749.0,1526.5,0.5552928337577301,0.15,0.08329392506365951
0500000US25001,"Barnstable County, Massachusetts",2021,10,11,2704.0,1227.0,0.45377218934911245,0.15,0.06806582840236687
0500000US25001,"Barnstable County, Massachusetts",2022,10,11,2659.0,1974.0,0.7423843550206844,0.15,0.11135765325310266
0500000US25001,"Barnstable County, Massachusetts",2023,10,11,1440.0,2215.0,1.5381944444444444,0.15,0.23072916666666665
0500000US25001,"Barnstable County, Massachusetts",2024,10,11,1432.0,2339.0,1.6333798882681565,0.4,0.6533519553072626
0500000US25001,"Barnstable County, Massachusetts",2020,11,12,1826.0,2655.0,1.453997809419496,0.15,0.2180996714129244
0500000US25001,"Barnstable County, Massachusetts",2021,11,12,1526.5,2348.0,1.538159187684245,0.15,0.23072387815263676
0500000US25001,"Barnstable County, Massachusetts",2022,11,12,1227.0,2511.0,2.0464547677261615,0.15,0.3069682151589242
0500000US25001,"Barnstable County, Massachusetts",2023,11,12,1974.0,2182.0,1.1053698074974672,0.15,0.16580547112462007
0500000US25001,"Barnstable County, Massachusetts",2024,11,12,2215.0,2077.0,0.9376975169300226,0.4,0.37507900677200906
0500000US25003,"Berkshire County, Massachusetts",2020,4,5,1168.0,1233.5,1.0560787671232876,0.15,0.15841181506849314
0500000US25003,"Berkshire County, Massachusetts",2021,4,5,1225.5,1474.0,1.2027743778049775,0.15,0.18041615667074662
0500000US25003,"Berkshire County, Massachusetts",2022,4,5,1283.0,840.0,0.6547155105222136,0.15,0.09820732657833203
0500000US25003,"Berkshire County, Massachusetts",2023,4,5,1012.0,1136.0,1.1225296442687747,0.15,0.1683794466403162
0500000US25003,"Berkshire County, Massachusetts",2024,4,5,696.0,1243.0,1.785919540229885,0.4,0.7143678160919541
0500000US25003,"Berkshire County, Massachusetts",2020,5,6,993.0,1281.5,1.2905337361530715,0.15,0.19358006042296072
0500000US25003,"Berkshire County, Massachusetts",2021,5,6,1233.5,1406.0,1.1398459667612484,0.15,0.17097689501418725
0500000US25003,"Berkshire County, Massachusetts",2022,5,6,1474.0,1090.0,0.7394843962008141,0.15,0.11092265943012211
0500000US25003,"Berkshire County, Massachusetts",2023,5,6,840.0,1017.0,1.2107142857142856,0.15,0.18160714285714283
0500000US25003,"Berkshire County, Massachusetts",2024,5,6,1136.0,794.0,0.698943661971831,0.4,0.2795774647887324
0500000US25003,"Berkshire County, Massachusetts",2020,6,7,1157.0,1036.5,0.8958513396715644,0.15,0.13437770095073465
0500000US25003,"Berkshire County, Massachusetts",2021,6,7,1281.5,840.0,0.6554818571985954,0.15,0.09832227857978931
0500000US25003,"Berkshire County, Massachusetts",2022,6,7,1406.0,823.0,0.585348506401138,0.15,0.08780227596017069
0500000US25003,"Berkshire County, Massachusetts",2023,6,7,1090.0,1221.0,1.120183486238532,0.15,0.1680275229357798
0500000US25003,"Berkshire County, Massachusetts",2024,6,7,1017.0,1153.0,1.1337266470009832,0.4,0.4534906588003933
0500000US25003,"Berkshire County, Massachusetts",2020,7,8,1233.0,1484.5,1.2039740470397404,0.15,0.18059610705596105
0500000US25003,"Berkshire County, Massachusetts",2021,7,8,1036.5,1263.0,1.2185238784370478,0.15,0.18277858176555717
0500000US25003,"Berkshire County, Massachusetts",2022,7,8,840.0,535.0,0.6369047619047619,0.15,0.09553571428571428
0500000US25003,"Berkshire County, Massachusetts",2023,7,8,823.0,1251.0,1.520048602673147,0.15,0.22800729040097203
0500000US25003,"Berkshire County, Massachusetts",2024,7,8,1221.0,1253.0,1.0262080262080262,0.4,0.4104832104832105
0500000US25003,"Berkshire County, Massachusetts",2020,8,9,1706.0,1160.5,0.6802461899179367,0.15,0.10203692848769051
0500000US25003,"Berkshire County, Massachusetts",2021,8,9,1484.5,1064.0,0.7167396429774335,0.15,0.10751094644661503
0500000US25003,"Berkshire County, Massachusetts",2022,8,9,1263.0,1323.0,1.0475059382422802,0.15,0.15712589073634203
0500000US25003,"Berkshire County, Massachusetts",2023,8,9,535.0,1270.0,2.3738317757009346,0.15,0.3560747663551402
0500000US25003,"Berkshire County, Massachusetts",2024,8,9,1251.0,1858.0,1.4852118305355715,0.4,0.5940847322142286
0500000US25003,"Berkshire County, Massachusetts",2020,9,10,1257.0,1596.0,1.269689737470167,0.15,0.19045346062052504
0500000US25003,"Berkshire County, Massachusetts",2021,9,10,1160.5,1473.0,1.2692804825506248,0.15,0.1903920723825937
0500000US25003,"Berkshire County, Massachusetts",2022,9,10,1064.0,1292.0,1.2142857142857142,0.15,0.18214285714285713
0500000US25003,"Berkshire County, Massachusetts",2023,9,10,1323.0,1078.0,0.8148148148148148,0.15,0.1222222222222222
0500000US25003,"Berkshire County, Massachusetts",2024,9,10,1270.0,1436.0,1.1307086614173227,0.4,0.45228346456692914
0500000US25003,"Berkshire County, Massachusetts",2020,10,11,1719.0,1530.0,0.8900523560209425,0.15,0.13350785340314136
0500000US25003,"Berkshire County, Massachusetts",2021,10,11,1596.0,1675.0,1.049498746867168,0.15,0.1574248120300752
0500000US25003,"Berkshire County, Massachusetts",2022,10,11,1473.0,1291.0,0.8764426340801086,0.15,0.13146639511201627
0500000US25003,"Berkshire County, Massachusetts",2023,10,11,1292.0,1769.0,1.3691950464396285,0.15,0.20537925696594428
0500000US25003,"Berkshire County, Massachusetts",2024,10,11,1078.0,1957.0,1.8153988868274582,0.4,0.7261595547309834
0500000US25003,"Berkshire County, Massachusetts",2020,11,12,1385.0,1246.5,0.9,0.15,0.135
0500000US25003,"Berkshire County, Massachusetts",2021,11,12,1530.0,1022.0,0.6679738562091503,0.15,0.10019607843137254
0500000US25003,"Berkshire County, Massachusetts",2022,11,12,1675.0,688.0,0.41074626865671643,0.15,0.06161194029850746
0500000US25003,"Berkshire County, Massachusetts",2023,11,12,1291.0,1679.0,1.3005422153369481,0.15,0.19508133230054223
0500000US25003,"Berkshire County, Massachusetts",2024,11,12,1769.0,629.0,0.355568117580554,0.4,0.14222724703222162
0500000US25005,"Bristol County, Massachusetts",2020,4,5,5405.0,7685.0,1.421831637372803,0.15,0.21327474560592044
0500000US25005,"Bristol County, Massachusetts",2021,4,5,5581.0,8618.0,1.5441677118795916,0.15,0.23162515678193873
0500000US25005,"Bristol County, Massachusetts",2022,4,5,5757.0,5296.0,0.9199235713044989,0.15,0.13798853569567482
0500000US25005,"Bristol County, Massachusetts",2023,4,5,6063.0,5622.0,0.9272637308263236,0.15,0.13908955962394853
0500000US25005,"Bristol County, Massachusetts",2024,4,5,5951.0,8022.0,1.3480087380272223,0.4,0.539203495210889
0500000US25005,"Bristol County, Massachusetts",2020,5,6,6752.0,6226.0,0.9220971563981043,0.15,0.13831457345971565
0500000US25005,"Bristol County, Massachusetts",2021,5,6,7685.0,6574.0,0.8554326610279765,0.15,0.12831489915419647
0500000US25005,"Bristol County, Massachusetts",2022,5,6,8618.0,7197.0,0.8351125551171966,0.15,0.12526688326757948
0500000US25005,"Bristol County, Massachusetts",2023,5,6,5296.0,9268.0,1.75,0.15,0.2625
0500000US25005,"Bristol County, Massachusetts",2024,5,6,5622.0,5474.0,0.9736748488082533,0.4,0.38946993952330133
0500000US25005,"Bristol County, Massachusetts",2020,6,7,5878.0,7316.5,1.244726097312011,0.15,0.18670891459680164
0500000US25005,"Bristol County, Massachusetts",2021,6,7,6226.0,7323.0,1.1761965949245101,0.15,0.17642948923867652
0500000US25005,"Bristol County, Massachusetts",2022,6,7,6574.0,8737.0,1.3290234256160633,0.15,0.19935351384240949
0500000US25005,"Bristol County, Massachusetts",2023,6,7,7197.0,6833.0,0.9494233708489649,0.15,0.14241350562734473
0500000US25005,"Bristol County, Massachusetts",2024,6,7,9268.0,6682.0,0.7209753992231334,0.4,0.28839015968925336
0500000US25005,"Bristol County, Massachusetts",2020,7,8,7310.0,6764.0,0.9253077975376197,0.15,0.13879616963064295
0500000US25005,"Bristol County, Massachusetts",2021,7,8,7316.5,6612.0,0.9037107906786032,0.15,0.13555661860179047
0500000US25005,"Bristol County, Massachusetts",2022,7,8,7323.0,7402.0,1.0107879284446266,0.15,0.151618189266694
0500000US25005,"Bristol County, Massachusetts",2023,7,8,8737.0,7519.0,0.8605928808515508,0.15,0.12908893212773262
0500000US25005,"Bristol County, Massachusetts",2024,7,8,6833.0,4582.0,0.6705692960632226,0.4,0.26822771842528903
0500000US25005,"Bristol County, Massachusetts",2020,8,9,6916.0,8381.5,1.2118999421631,0.15,0.181784991324465
0500000US25005,"Bristol County, Massachusetts",2021,8,9,6764.0,7417.0,1.096540508574808,0.15,0.1644810762862212
0500000US25005,"Bristol County, Massachusetts",2022,8,9,6612.0,5649.0,0.854355716878403,0.15,0.12815335753176044
0500000US25005,"Bristol County, Massachusetts",2023,8,9,7402.0,7736.0,1.0451229397460147,0.15,0.1567684409619022
0500000US25005,"Bristol County, Massachusetts",2024,8,9,7519.0,8586.0,1.1419071685064504,0.4,0.45676286740258015
0500000US25005,"Bristol County, Massachusetts",2020,9,10,9346.0,6677.5,0.7144767815108067,0.15,0.10717151722662101
0500000US25005,"Bristol County, Massachusetts",2021,9,10,8381.5,7294.0,0.8702499552586053,0.15,0.13053749328879077
0500000US25005,"Bristol County, Massachusetts",2022,9,10,7417.0,7346.0,0.9904273965215047,0.15,0.1485641094782257
0500000US25005,"Bristol County, Massachusetts",2023,9,10,5649.0,7780.0,1.377234908833422,0.15,0.20658523632501327
0500000US25005,"Bristol County, Massachusetts",2024,9,10,7736.0,6429.0,0.8310496380558429,0.4,0.3324198552223372
0500000US25005,"Bristol County, Massachusetts",2020,10,11,6061.0,6604.0,1.0895891767035142,0.15,0.16343837650552712
0500000US25005,"Bristol County, Massachusetts",2021,10,11,6677.5,6571.0,0.9840509172594534,0.15,0.147607637588918
0500000US25005,"Bristol County, Massachusetts",2022,10,11,7294.0,6660.0,0.9130792432136002,0.15,0.13696188648204002
0500000US25005,"Bristol County, Massachusetts",2023,10,11,7346.0,6408.0,0.872311462020147,0.15,0.13084671930302205
0500000US25005,"Bristol County, Massachusetts",2024,10,11,7780.0,7814.0,1.004370179948586,0.4,0.4017480719794344
0500000US25005,"Bristol County, Massachusetts",2020,11,12,6637.0,7859.5,1.1841946662648788,0.15,0.1776291999397318
0500000US25005,"Bristol County, Massachusetts",2021,11,12,6604.0,8191.0,1.2403089036947306,0.15,0.18604633555420957
0500000US25005,"Bristol County, Massachusetts",2022,11,12,6571.0,10933.0,1.6638259016892405,0.15,0.24957388525338606
0500000US25005,"Bristol County, Massachusetts",2023,11,12,6660.0,7178.0,1.0777777777777777,0.15,0.16166666666666665
0500000US25005,"Bristol County, Massachusetts",2024,11,12,6408.0,12287.0,1.917446941323346,0.4,0.7669787765293384
0500000US25009,"Essex County, Massachusetts",2020,4,5,8136.0,8646.5,1.0627458210422813,0.15,0.1594118731563422
0500000US25009,"Essex County, Massachusetts",2021,4,5,8580.0,9019.0,1.0511655011655012,0.15,0.15767482517482517
0500000US25009,"Essex County, Massachusetts",2022,4,5,9024.0,8718.0,0.9660904255319149,0.15,0.14491356382978723
0500000US25009,"Essex County, Massachusetts",2023,4,5,10285.0,7711.0,0.7497326203208556,0.15,0.11245989304812834
0500000US25009,"Essex County, Massachusetts",2024,4,5,9540.0,10878.0,1.140251572327044,0.4,0.45610062893081765
0500000US25009,"Essex County, Massachusetts",2020,5,6,8274.0,9930.5,1.2002054628958183,0.15,0.18003081943437274
0500000US25009,"Essex County, Massachusetts",2021,5,6,8646.5,10175.0,1.1767767304689758,0.15,0.17651650957034637
0500000US25009,"Essex County, Massachusetts",2022,5,6,9019.0,8281.0,0.9181727464242155,0.15,0.13772591196363232
0500000US25009,"Essex County, Massachusetts",2023,5,6,8718.0,9445.0,1.0833906859371416,0.15,0.16250860289057123
0500000US25009,"Essex County, Massachusetts",2024,5,6,7711.0,9577.0,1.241991959538322,0.4,0.4967967838153288
0500000US25009,"Essex County, Massachusetts",2020,6,7,9686.0,9763.0,1.0079496180053686,0.15,0.15119244270080529
0500000US25009,"Essex County, Massachusetts",2021,6,7,9930.5,9350.0,0.9415437289159659,0.15,0.1412315593373949
0500000US25009,"Essex County, Massachusetts",2022,6,7,10175.0,11002.0,1.0812776412776413,0.15,0.1621916461916462
0500000US25009,"Essex County, Massachusetts",2023,6,7,8281.0,7529.0,0.9091897113875136,0.15,0.13637845670812704
0500000US25009,"Essex County, Massachusetts",2024,6,7,9445.0,9033.0,0.9563790365272631,0.4,0.38255161461090526
0500000US25009,"Essex County, Massachusetts",2020,7,8,10176.0,10835.0,1.0647602201257862,0.15,0.1597140330188679
0500000US25009,"Essex County, Massachusetts",2021,7,8,9763.0,9849.0,1.0088087677967839,0.15,0.15132131516951758
0500000US25009,"Essex County, Massachusetts",2022,7,8,9350.0,8854.0,0.946951871657754,0.15,0.14204278074866308
0500000US25009,"Essex County, Massachusetts",2023,7,8,11002.0,12146.0,1.1039810943464825,0.15,0.16559716415197237
0500000US25009,"Essex County, Massachusetts",2024,7,8,7529.0,10688.0,1.419577633151813,0.4,0.5678310532607252
0500000US25009,"Essex County, Massachusetts",2020,8,9,11821.0,10254.5,0.8674816005414093,0.15,0.1301222400812114
0500000US25009,"Essex County, Massachusetts",2021,8,9,10835.0,9925.0,0.9160129210890632,0.15,0.13740193816335947
0500000US25009,"Essex County, Massachusetts",2022,8,9,9849.0,11708.0,1.1887501269164382,0.15,0.17831251903746573
0500000US25009,"Essex County, Massachusetts",2023,8,9,8854.0,9643.0,1.0891122656426473,0.15,0.16336683984639708
0500000US25009,"Essex County, Massachusetts",2024,8,9,12146.0,13382.0,1.101761896920797,0.4,0.4407047587683188
0500000US25009,"Essex County, Massachusetts",2020,9,10,10584.0,10180.0,0.9618291761148904,0.15,0.14427437641723356
0500000US25009,"Essex County, Massachusetts",2021,9,10,10254.5,10120.0,0.9868838071090741,0.15,0.1480325710663611
0500000US25009,"Essex County, Massachusetts",2022,9,10,9925.0,8850.0,0.8916876574307305,0.15,0.13375314861460957
0500000US25009,"Essex County, Massachusetts",2023,9,10,11708.0,9435.0,0.8058592415442433,0.15,0.12087888623163648
0500000US25009,"Essex County, Massachusetts",2024,9,10,9643.0,9313.0,0.9657782847661516,0.4,0.3863113139064607
0500000US25009,"Essex County, Massachusetts",2020,10,11,10240.0,10535.0,1.02880859375,0.15,0.1543212890625
0500000US25009,"Essex County, Massachusetts",2021,10,11,10180.0,11159.0,1.0961689587426326,0.15,0.1644253438113949
0500000US25009,"Essex County, Massachusetts",2022,10,11,10120.0,10301.0,1.017885375494071,0.15,0.15268280632411066
0500000US25009,"Essex County, Massachusetts",2023,10,11,8850.0,10065.0,1.1372881355932203,0.15,0.17059322033898303
0500000US25009,"Essex County, Massachusetts",2024,10,11,9435.0,11728.0,1.2430312665606784,0.4,0.4972125066242714
0500000US25009,"Essex County, Massachusetts",2020,11,12,9911.0,10862.5,1.0960044395116537,0.15,0.16440066592674804
0500000US25009,"Essex County, Massachusetts",2021,11,12,10535.0,10618.0,1.0078785002373043,0.15,0.15118177503559563
0500000US25009,"Essex County, Massachusetts",2022,11,12,11159.0,12008.0,1.0760820862084417,0.15,0.16141231293126626
0500000US25009,"Essex County, Massachusetts",2023,11,12,10301.0,12986.0,1.260654305407242,0.15,0.1890981458110863
0500000US25009,"Essex County, Massachusetts",2024,11,12,10065.0,8934.0,0.8876304023845007,0.4,0.3550521609538003
0500000US25011,"Franklin County, Massachusetts",2020,4,5,590.0,905.0,1.5338983050847457,0.15,0.23008474576271185
0500000US25011,"Franklin County, Massachusetts",2021,4,5,680.5,845.0,1.2417340191036004,0.15,0.18626010286554004
0500000US25011,"Franklin County, Massachusetts",2022,4,5,771.0,626.0,0.8119325551232166,0.15,0.12178988326848249
0500000US25011,"Franklin County, Massachusetts",2023,4,5,340.0,723.0,2.126470588235294,0.15,0.3189705882352941
0500000US25011,"Franklin County, Massachusetts",2024,4,5,294.0,378.0,1.2857142857142858,0.4,0.5142857142857143
0500000US25011,"Franklin County, Massachusetts",2020,5,6,965.0,693.5,0.7186528497409327,0.15,0.1077979274611399
0500000US25011,"Franklin County, Massachusetts",2021,5,6,905.0,762.0,0.8419889502762431,0.15,0.12629834254143646
0500000US25011,"Franklin County, Massachusetts",2022,5,6,845.0,737.0,0.8721893491124261,0.15,0.1308284023668639
0500000US25011,"Franklin County, Massachusetts",2023,5,6,626.0,1071.0,1.7108626198083068,0.15,0.256629392971246
0500000US25011,"Franklin County, Massachusetts",2024,5,6,723.0,783.0,1.0829875518672198,0.4,0.433195020746888
0500000US25011,"Franklin County, Massachusetts",2020,6,7,625.0,534.5,0.8552,0.15,0.12827999999999998
0500000US25011,"Franklin County, Massachusetts",2021,6,7,693.5,617.0,0.889689978370584,0.15,0.1334534967555876
0500000US25011,"Franklin County, Massachusetts",2022,6,7,762.0,712.0,0.9343832020997376,0.15,0.14015748031496064
0500000US25011,"Franklin County, Massachusetts",2023,6,7,737.0,611.0,0.8290366350067843,0.15,0.12435549525101763
0500000US25011,"Franklin County, Massachusetts",2024,6,7,1071.0,513.0,0.4789915966386555,0.4,0.1915966386554622
0500000US25011,"Franklin County, Massachusetts",2020,7,8,452.0,863.5,1.9103982300884956,0.15,0.2865597345132743
0500000US25011,"Franklin County, Massachusetts",2021,7,8,534.5,656.0,1.2273152478952292,0.15,0.18409728718428436
0500000US25011,"Franklin County, Massachusetts",2022,7,8,617.0,1267.0,2.053484602917342,0.15,0.3080226904376013
0500000US25011,"Franklin County, Massachusetts",2023,7,8,712.0,882.0,1.2387640449438202,0.15,0.18581460674157302
0500000US25011,"Franklin County, Massachusetts",2024,7,8,611.0,1093.0,1.7888707037643208,0.4,0.7155482815057284
0500000US25011,"Franklin County, Massachusetts",2020,8,9,1071.0,547.5,0.511204481792717,0.15,0.07668067226890755
0500000US25011,"Franklin County, Massachusetts",2021,8,9,863.5,666.0,0.7712796757382745,0.15,0.11569195136074117
0500000US25011,"Franklin County, Massachusetts",2022,8,9,656.0,723.0,1.1021341463414633,0.15,0.1653201219512195
0500000US25011,"Franklin County, Massachusetts",2023,8,9,1267.0,587.0,0.4632991318074191,0.15,0.06949486977111287
0500000US25011,"Franklin County, Massachusetts",2024,8,9,882.0,704.0,0.7981859410430839,0.4,0.3192743764172336
0500000US25011,"Franklin County, Massachusetts",2020,9,10,429.0,742.5,1.7307692307692308,0.15,0.25961538461538464
0500000US25011,"Franklin County, Massachusetts",2021,9,10,547.5,1019.0,1.8611872146118722,0.15,0.2791780821917808
0500000US25011,"Franklin County, Massachusetts",2022,9,10,666.0,410.0,0.6156156156156156,0.15,0.09234234234234234
0500000US25011,"Franklin County, Massachusetts",2023,9,10,723.0,787.0,1.0885200553250345,0.15,0.16327800829875516
0500000US25011,"Franklin County, Massachusetts",2024,9,10,587.0,344.0,0.58603066439523,0.4,0.23441226575809201
0500000US25011,"Franklin County, Massachusetts",2020,10,11,466.0,920.0,1.9742489270386265,0.15,0.296137339055794
0500000US25011,"Franklin County, Massachusetts",2021,10,11,742.5,730.0,0.9831649831649831,0.15,0.14747474747474745
0500000US25011,"Franklin County, Massachusetts",2022,10,11,1019.0,809.0,0.7939156035328754,0.15,0.11908734052993131
0500000US25011,"Franklin County, Massachusetts",2023,10,11,410.0,775.0,1.8902439024390243,0.15,0.28353658536585363
0500000US25011,"Franklin County, Massachusetts",2024,10,11,787.0,1164.0,1.4790343074968233,0.4,0.5916137229987294
0500000US25011,"Franklin County, Massachusetts",2020,11,12,1110.0,833.0,0.7504504504504504,0.15,0.11256756756756756
0500000US25011,"Franklin County, Massachusetts",2021,11,12,920.0,946.0,1.0282608695652173,0.15,0.1542391304347826
0500000US25011,"Franklin County, Massachusetts",2022,11,12,730.0,853.0,1.1684931506849314,0.15,0.17527397260273972
0500000US25011,"Franklin County, Massachusetts",2023,11,12,809.0,428.0,0.5290482076637825,0.15,0.07935723114956737
0500000US25011,"Franklin County, Massachusetts",2024,11,12,775.0,767.0,0.9896774193548387,0.4,0.3958709677419355
0500000US25013,"Hampden County, Massachusetts",2020,4,5,5484.0,5609.0,1.0227935813274982,0.15,0.15341903719912472
0500000US25013,"Hampden County, Massachusetts",2021,4,5,5686.0,6040.0,1.062258177981006,0.15,0.1593387266971509
0500000US25013,"Hampden County, Massachusetts",2022,4,5,5888.0,5699.0,0.9679008152173914,0.15,0.1451851222826087
0500000US25013,"Hampden County, Massachusetts",2023,4,5,4715.0,3676.0,0.7796394485683987,0.15,0.1169459172852598
0500000US25013,"Hampden County, Massachusetts",2024,4,5,4637.0,4588.0,0.9894328229458702,0.4,0.3957731291783481
0500000US25013,"Hampden County, Massachusetts",2020,5,6,5178.0,5415.0,1.0457705677867903,0.15,0.15686558516801855
0500000US25013,"Hampden County, Massachusetts",2021,5,6,5609.0,3991.0,0.7115350329827064,0.15,0.10673025494740596
0500000US25013,"Hampden County, Massachusetts",2022,5,6,6040.0,5334.0,0.883112582781457,0.15,0.13246688741721854
0500000US25013,"Hampden County, Massachusetts",2023,5,6,5699.0,5032.0,0.8829619231444114,0.15,0.1324442884716617
0500000US25013,"Hampden County, Massachusetts",2024,5,6,3676.0,4334.0,1.1789989118607183,0.4,0.4715995647442873
0500000US25013,"Hampden County, Massachusetts",2020,6,7,6839.0,5832.0,0.8527562509138763,0.15,0.12791343763708143
0500000US25013,"Hampden County, Massachusetts",2021,6,7,5415.0,7992.0,1.4759002770083103,0.15,0.22138504155124653
0500000US25013,"Hampden County, Massachusetts",2022,6,7,3991.0,6278.0,1.5730393385116512,0.15,0.23595590077674766
0500000US25013,"Hampden County, Massachusetts",2023,6,7,5334.0,6324.0,1.185601799775028,0.15,0.1778402699662542
0500000US25013,"Hampden County, Massachusetts",2024,6,7,5032.0,6509.0,1.2935214626391096,0.4,0.5174085850556439
0500000US25013,"Hampden County, Massachusetts",2020,7,8,3672.0,5534.5,1.5072167755991286,0.15,0.22608251633986928
0500000US25013,"Hampden County, Massachusetts",2021,7,8,5832.0,5917.0,1.0145747599451302,0.15,0.15218621399176954
0500000US25013,"Hampden County, Massachusetts",2022,7,8,7992.0,5965.0,0.7463713713713713,0.15,0.11195570570570569
0500000US25013,"Hampden County, Massachusetts",2023,7,8,6278.0,5784.0,0.9213125199107997,0.15,0.13819687798661995
0500000US25013,"Hampden County, Massachusetts",2024,7,8,6324.0,8519.0,1.347090449082859,0.4,0.5388361796331437
0500000US25013,"Hampden County, Massachusetts",2020,8,9,5152.0,5268.5,1.0226125776397517,0.15,0.15339188664596273
0500000US25013,"Hampden County, Massachusetts",2021,8,9,5534.5,4756.0,0.8593368868009758,0.15,0.12890053302014637
0500000US25013,"Hampden County, Massachusetts",2022,8,9,5917.0,5368.0,0.9072164948453608,0.15,0.1360824742268041
0500000US25013,"Hampden County, Massachusetts",2023,8,9,5965.0,7382.0,1.237552388935457,0.15,0.18563285834031854
0500000US25013,"Hampden County, Massachusetts",2024,8,9,5784.0,6375.0,1.1021784232365146,0.4,0.44087136929460585
0500000US25013,"Hampden County, Massachusetts",2020,9,10,5781.0,5588.5,0.9667012627573084,0.15,0.14500518941359625
0500000US25013,"Hampden County, Massachusetts",2021,9,10,5268.5,5861.0,1.1124608522349815,0.15,0.1668691278352472
0500000US25013,"Hampden County, Massachusetts",2022,9,10,4756.0,6959.0,1.4632043734230447,0.15,0.2194806560134567
0500000US25013,"Hampden County, Massachusetts",2023,9,10,5368.0,5744.0,1.0700447093889718,0.15,0.16050670640834577
0500000US25013,"Hampden County, Massachusetts",2024,9,10,7382.0,4958.0,0.6716337036033595,0.4,0.2686534814413438
0500000US25013,"Hampden County, Massachusetts",2020,10,11,5316.0,7655.0,1.439992475545523,0.15,0.21599887133182843
0500000US25013,"Hampden County, Massachusetts",2021,10,11,5588.5,6523.0,1.1672183949181354,0.15,0.1750827592377203
0500000US25013,"Hampden County, Massachusetts",2022,10,11,5861.0,5538.0,0.944889950520389,0.15,0.14173349257805834
0500000US25013,"Hampden County, Massachusetts",2023,10,11,6959.0,6006.0,0.8630550366431958,0.15,0.12945825549647938
0500000US25013,"Hampden County, Massachusetts",2024,10,11,5744.0,7196.0,1.2527855153203342,0.4,0.5011142061281337
0500000US25013,"Hampden County, Massachusetts",2020,11,12,8787.0,6342.5,0.7218049391146011,0.15,0.10827074086719016
0500000US25013,"Hampden County, Massachusetts",2021,11,12,7655.0,6644.0,0.8679294578706728,0.15,0.1301894186806009
0500000US25013,"Hampden County, Massachusetts",2022,11,12,6523.0,7148.0,1.0958148091369002,0.15,0.16437222137053503
0500000US25013,"Hampden County, Massachusetts",2023,11,12,5538.0,6479.0,1.1699169375225713,0.15,0.1754875406283857
0500000US25013,"Hampden County, Massachusetts",2024,11,12,6006.0,7271.0,1.2106227106227105,0.4,0.48424908424908425
0500000US25015,"Hampshire County, Massachusetts",2020,4,5,1389.0,1463.0,1.0532757379409647,0.15,0.1579913606911447
0500000US25015,"Hampshire County, Massachusetts",2021,4,5,1547.5,1588.0,1.0261712439418418,0.15,0.15392568659127626
0500000US25015,"Hampshire County, Massachusetts",2022,4,5,1706.0,615.0,0.3604923798358734,0.15,0.05407385697538101
0500000US25015,"Hampshire County, Massachusetts",2023,4,5,1241.0,1595.0,1.2852538275584207,0.15,0.1927880741337631
0500000US25015,"Hampshire County, Massachusetts",2024,4,5,1133.0,1357.0,1.1977052074139454,0.4,0.4790820829655782
0500000US25015,"Hampshire County, Massachusetts",2020,5,6,1338.0,1342.5,1.0033632286995515,0.15,0.1505044843049327
0500000US25015,"Hampshire County, Massachusetts",2021,5,6,1463.0,1381.0,0.9439507860560492,0.15,0.14159261790840738
0500000US25015,"Hampshire County, Massachusetts",2022,5,6,1588.0,1354.0,0.8526448362720404,0.15,0.12789672544080605
0500000US25015,"Hampshire County, Massachusetts",2023,5,6,615.0,515.0,0.8373983739837398,0.15,0.12560975609756098
0500000US25015,"Hampshire County, Massachusetts",2024,5,6,1595.0,930.0,0.5830721003134797,0.4,0.23322884012539188
0500000US25015,"Hampshire County, Massachusetts",2020,6,7,1304.0,1446.0,1.1088957055214723,0.15,0.16633435582822084
0500000US25015,"Hampshire County, Massachusetts",2021,6,7,1342.5,1348.0,1.004096834264432,0.15,0.1506145251396648
0500000US25015,"Hampshire County, Massachusetts",2022,6,7,1381.0,1182.0,0.8559015206372194,0.15,0.1283852280955829
0500000US25015,"Hampshire County, Massachusetts",2023,6,7,1354.0,1061.0,0.7836041358936484,0.15,0.11754062038404725
0500000US25015,"Hampshire County, Massachusetts",2024,6,7,515.0,2476.0,4.807766990291262,0.4,1.923106796116505
0500000US25015,"Hampshire County, Massachusetts",2020,7,8,1544.0,1834.0,1.1878238341968912,0.15,0.17817357512953366
0500000US25015,"Hampshire County, Massachusetts",2021,7,8,1446.0,1676.0,1.1590594744121716,0.15,0.17385892116182575
0500000US25015,"Hampshire County, Massachusetts",2022,7,8,1348.0,1667.0,1.236646884272997,0.15,0.18549703264094955
0500000US25015,"Hampshire County, Massachusetts",2023,7,8,1182.0,1244.0,1.0524534686971234,0.15,0.1578680203045685
0500000US25015,"Hampshire County, Massachusetts",2024,7,8,1061.0,1225.0,1.1545711592836947,0.4,0.4618284637134779
0500000US25015,"Hampshire County, Massachusetts",2020,8,9,1992.0,1422.0,0.713855421686747,0.15,0.10707831325301205
0500000US25015,"Hampshire County, Massachusetts",2021,8,9,1834.0,1364.0,0.7437295528898582,0.15,0.11155943293347872
0500000US25015,"Hampshire County, Massachusetts",2022,8,9,1676.0,1241.0,0.7404534606205251,0.15,0.11106801909307876
0500000US25015,"Hampshire County, Massachusetts",2023,8,9,1667.0,1141.0,0.6844631073785243,0.15,0.10266946610677864
0500000US25015,"Hampshire County, Massachusetts",2024,8,9,1244.0,918.0,0.7379421221864951,0.4,0.29517684887459805
0500000US25015,"Hampshire County, Massachusetts",2020,9,10,1480.0,1609.0,1.087162162162162,0.15,0.1630743243243243
0500000US25015,"Hampshire County, Massachusetts",2021,9,10,1422.0,1344.0,0.9451476793248945,0.15,0.14177215189873418
0500000US25015,"Hampshire County, Massachusetts",2022,9,10,1364.0,1967.0,1.4420821114369502,0.15,0.21631231671554252
0500000US25015,"Hampshire County, Massachusetts",2023,9,10,1241.0,1434.0,1.1555197421434327,0.15,0.1733279613215149
0500000US25015,"Hampshire County, Massachusetts",2024,9,10,1141.0,1267.0,1.1104294478527608,0.4,0.44417177914110434
0500000US25015,"Hampshire County, Massachusetts",2020,10,11,1874.0,1022.0,0.5453575240128068,0.15,0.08180362860192102
0500000US25015,"Hampshire County, Massachusetts",2021,10,11,1609.0,974.0,0.6053449347420758,0.15,0.09080174021131138
0500000US25015,"Hampshire County, Massachusetts",2022,10,11,1344.0,1356.0,1.0089285714285714,0.15,0.1513392857142857
0500000US25015,"Hampshire County, Massachusetts",2023,10,11,1967.0,1649.0,0.8383324860193188,0.15,0.1257498729028978
0500000US25015,"Hampshire County, Massachusetts",2024,10,11,1434.0,2118.0,1.4769874476987448,0.4,0.590794979079498
0500000US25015,"Hampshire County, Massachusetts",2020,11,12,1070.0,1616.5,1.5107476635514019,0.15,0.22661214953271028
0500000US25015,"Hampshire County, Massachusetts",2021,11,12,1022.0,1365.0,1.3356164383561644,0.15,0.20034246575342465
0500000US25015,"Hampshire County, Massachusetts",2022,11,12,974.0,1184.0,1.215605749486653,0.15,0.18234086242299793
0500000US25015,"Hampshire County, Massachusetts",2023,11,12,1356.0,2650.0,1.9542772861356932,0.15,0.29314159292035397
0500000US25015,"Hampshire County, Massachusetts",2024,11,12,1649.0,1909.0,1.1576713159490601,0.4,0.4630685263796241
0500000US25017,"Middlesex County, Massachusetts",2020,4,5,20863.0,16709.0,0.8008915304606241,0.15,0.12013372956909361
0500000US25017,"Middlesex County, Massachusetts",2021,4,5,19866.5,18375.0,0.9249238668109632,0.15,0.13873858002164446
0500000US25017,"Middlesex County, Massachusetts",2022,4,5,18870.0,17032.0,0.9025967143614202,0.15,0.13538950715421302
0500000US25017,"Middlesex County, Massachusetts",2023,4,5,15267.0,18449.0,1.208423396869064,0.15,0.1812635095303596
0500000US25017,"Middlesex County, Massachusetts",2024,4,5,18798.0,16468.0,0.8760506436854985,0.4,0.3504202574741994
0500000US25017,"Middlesex County, Massachusetts",2020,5,6,15043.0,19150.5,1.2730505883135013,0.15,0.1909575882470252
0500000US25017,"Middlesex County, Massachusetts",2021,5,6,16709.0,18204.0,1.0894727392423245,0.15,0.16342091088634866
0500000US25017,"Middlesex County, Massachusetts",2022,5,6,18375.0,16490.0,0.8974149659863946,0.15,0.13461224489795917
0500000US25017,"Middlesex County, Massachusetts",2023,5,6,17032.0,16842.0,0.9888445279473932,0.15,0.14832667919210898
0500000US25017,"Middlesex County, Massachusetts",2024,5,6,18449.0,20219.0,1.0959401593582307,0.4,0.4383760637432923
0500000US25017,"Middlesex County, Massachusetts",2020,6,7,20097.0,16323.0,0.8122107777280191,0.15,0.12183161665920286
0500000US25017,"Middlesex County, Massachusetts",2021,6,7,19150.5,17705.0,0.9245189420641758,0.15,0.13867784130962638
0500000US25017,"Middlesex County, Massachusetts",2022,6,7,18204.0,20246.0,1.1121731487585147,0.15,0.1668259723137772
0500000US25017,"Middlesex County, Massachusetts",2023,6,7,16490.0,19193.0,1.163917525773196,0.15,0.1745876288659794
0500000US25017,"Middlesex County, Massachusetts",2024,6,7,16842.0,15512.0,0.9210307564422278,0.4,0.3684123025768911
0500000US25017,"Middlesex County, Massachusetts",2020,7,8,14941.0,17739.5,1.1873033933471655,0.15,0.17809550900207483
0500000US25017,"Middlesex County, Massachusetts",2021,7,8,16323.0,16322.0,0.9999387367518225,0.15,0.14999081051277338
0500000US25017,"Middlesex County, Massachusetts",2022,7,8,17705.0,19269.0,1.0883366280711664,0.15,0.16325049421067495
0500000US25017,"Middlesex County, Massachusetts",2023,7,8,20246.0,18205.0,0.8991899634495703,0.15,0.13487849451743553
0500000US25017,"Middlesex County, Massachusetts",2024,7,8,19193.0,16873.0,0.8791225967800761,0.4,0.35164903871203046
0500000US25017,"Middlesex County, Massachusetts",2020,8,9,19157.0,18736.5,0.9780497990290755,0.15,0.1467074698543613
0500000US25017,"Middlesex County, Massachusetts",2021,8,9,17739.5,18785.0,1.0589362721609967,0.15,0.1588404408241495
0500000US25017,"Middlesex County, Massachusetts",2022,8,9,16322.0,19103.0,1.1703835314299718,0.15,0.17555752971449576
0500000US25017,"Middlesex County, Massachusetts",2023,8,9,19269.0,17651.0,0.9160309305101458,0.15,0.13740463957652188
0500000US25017,"Middlesex County, Massachusetts",2024,8,9,18205.0,18835.0,1.0346058775061797,0.4,0.4138423510024719
0500000US25017,"Middlesex County, Massachusetts",2020,9,10,18688.0,18091.5,0.9680811215753424,0.15,0.14521216823630137
0500000US25017,"Middlesex County, Massachusetts",2021,9,10,18736.5,18118.0,0.9669895658207243,0.15,0.14504843487310864
0500000US25017,"Middlesex County, Massachusetts",2022,9,10,18785.0,20901.0,1.1126430662762843,0.15,0.16689645994144264
0500000US25017,"Middlesex County, Massachusetts",2023,9,10,19103.0,20541.0,1.0752761346385384,0.15,0.16129142019578077
0500000US25017,"Middlesex County, Massachusetts",2024,9,10,17651.0,19928.0,1.1290011897342926,0.4,0.4516004758937171
0500000US25017,"Middlesex County, Massachusetts",2020,10,11,18065.0,18116.0,1.0028231386659285,0.15,0.15042347079988927
0500000US25017,"Middlesex County, Massachusetts",2021,10,11,18091.5,18536.0,1.0245695492358289,0.15,0.15368543238537433
0500000US25017,"Middlesex County, Massachusetts",2022,10,11,18118.0,16534.0,0.9125731316922397,0.15,0.13688596975383596
0500000US25017,"Middlesex County, Massachusetts",2023,10,11,20901.0,21212.0,1.014879670829147,0.15,0.15223195062437203
0500000US25017,"Middlesex County, Massachusetts",2024,10,11,20541.0,18367.0,0.8941628937247457,0.4,0.3576651574898983
0500000US25017,"Middlesex County, Massachusetts",2020,11,12,17696.0,19677.5,1.1119744575045207,0.15,0.16679616862567812
0500000US25017,"Middlesex County, Massachusetts",2021,11,12,18116.0,20439.0,1.128229189666593,0.15,0.16923437844998895
0500000US25017,"Middlesex County, Massachusetts",2022,11,12,18536.0,22467.0,1.2120738023306,0.15,0.18181107034959
0500000US25017,"Middlesex County, Massachusetts",2023,11,12,16534.0,22656.0,1.3702673279303255,0.15,0.20554009918954882
0500000US25017,"Middlesex County, Massachusetts",2024,11,12,21212.0,20440.0,0.963605506317179,0.4,0.3854422025268716
0500000US25021,"Norfolk County, Massachusetts",2020,4,5,6759.0,9201.0,1.3612960497114959,0.15,0.20419440745672437
0500000US25021,"Norfolk County, Massachusetts",2021,4,5,8130.5,7344.0,0.9032654818276858,0.15,0.13548982227415288
0500000US25021,"Norfolk County, Massachusetts",2022,4,5,9502.0,7481.0,0.7873079351715428,0.15,0.11809619027573143
0500000US25021,"Norfolk County, Massachusetts",2023,4,5,8530.0,8017.0,0.9398593200468933,0.15,0.140978898007034
0500000US25021,"Norfolk County, Massachusetts",2024,4,5,8686.0,10640.0,1.224959705272853,0.4,0.4899838821091412
0500000US25021,"Norfolk County, Massachusetts",2020,5,6,11058.0,7415.5,0.6706004702477845,0.15,0.10059007053716766
0500000US25021,"Norfolk County, Massachusetts",2021,5,6,9201.0,7146.0,0.7766547114444082,0.15,0.11649820671666122
0500000US25021,"Norfolk County, Massachusetts",2022,5,6,7344.0,7658.0,1.042755991285403,0.15,0.15641339869281043
0500000US25021,"Norfolk County, Massachusetts",2023,5,6,7481.0,8655.0,1.156930891592033,0.15,0.17353963373880496
0500000US25021,"Norfolk County, Massachusetts",2024,5,6,8017.0,8416.0,1.049769240364226,0.4,0.41990769614569046
0500000US25021,"Norfolk County, Massachusetts",2020,6,7,7685.0,8817.5,1.1473649967469095,0.15,0.17210474951203641
0500000US25021,"Norfolk County, Massachusetts",2021,6,7,7415.5,8332.0,1.1235924752208213,0.15,0.1685388712831232
0500000US25021,"Norfolk County, Massachusetts",2022,6,7,7146.0,7823.0,1.094738315141338,0.15,0.1642107472712007
0500000US25021,"Norfolk County, Massachusetts",2023,6,7,7658.0,8733.0,1.1403760773047793,0.15,0.17105641159571688
0500000US25021,"Norfolk County, Massachusetts",2024,6,7,8655.0,5923.0,0.6843443096476025,0.4,0.273737723859041
0500000US25021,"Norfolk County, Massachusetts",2020,7,8,9303.0,8482.0,0.9117488982048801,0.15,0.13676233473073202
0500000US25021,"Norfolk County, Massachusetts",2021,7,8,8817.5,9296.0,1.0542670825063793,0.15,0.1581400623759569
0500000US25021,"Norfolk County, Massachusetts",2022,7,8,8332.0,8706.0,1.044887181949112,0.15,0.15673307729236677
0500000US25021,"Norfolk County, Massachusetts",2023,7,8,7823.0,9186.0,1.1742298351016234,0.15,0.1761344752652435
0500000US25021,"Norfolk County, Massachusetts",2024,7,8,8733.0,9412.0,1.0777510592007329,0.4,0.43110042368029317
0500000US25021,"Norfolk County, Massachusetts",2020,8,9,7668.0,9059.0,1.1814032342201357,0.15,0.17721048513302035
0500000US25021,"Norfolk County, Massachusetts",2021,8,9,8482.0,11342.0,1.3371846262673899,0.15,0.20057769394010846
0500000US25021,"Norfolk County, Massachusetts",2022,8,9,9296.0,8097.0,0.8710197934595525,0.15,0.13065296901893286
0500000US25021,"Norfolk County, Massachusetts",2023,8,9,8706.0,8792.0,1.0098782448885826,0.15,0.15148173673328738
0500000US25021,"Norfolk County, Massachusetts",2024,8,9,9186.0,6986.0,0.7605051164816025,0.4,0.304202046592641
0500000US25021,"Norfolk County, Massachusetts",2020,9,10,6776.0,9027.5,1.332275678866588,0.15,0.1998413518299882
0500000US25021,"Norfolk County, Massachusetts",2021,9,10,9059.0,8525.0,0.9410530963682525,0.15,0.14115796445523787
0500000US25021,"Norfolk County, Massachusetts",2022,9,10,11342.0,10328.0,0.9105977781696349,0.15,0.13658966672544523
0500000US25021,"Norfolk County, Massachusetts",2023,9,10,8097.0,7528.0,0.9297270594047178,0.15,0.13945905891070767
0500000US25021,"Norfolk County, Massachusetts",2024,9,10,8792.0,9951.0,1.1318243858052774,0.4,0.452729754322111
0500000US25021,"Norfolk County, Massachusetts",2020,10,11,9530.0,10118.0,1.0616998950682057,0.15,0.15925498426023085
0500000US25021,"Norfolk County, Massachusetts",2021,10,11,9027.5,10190.0,1.1287731930213238,0.15,0.16931597895319858
0500000US25021,"Norfolk County, Massachusetts",2022,10,11,8525.0,9716.0,1.1397067448680351,0.15,0.17095601173020528
0500000US25021,"Norfolk County, Massachusetts",2023,10,11,10328.0,11533.0,1.116673121611154,0.15,0.1675009682416731
0500000US25021,"Norfolk County, Massachusetts",2024,10,11,7528.0,10631.0,1.4121944739638683,0.4,0.5648777895855474
0500000US25021,"Norfolk County, Massachusetts",2020,11,12,10046.0,9556.0,0.9512243679076249,0.15,0.14268365518614373
0500000US25021,"Norfolk County, Massachusetts",2021,11,12,10118.0,9120.0,0.901363905910259,0.15,0.13520458588653883
0500000US25021,"Norfolk County, Massachusetts",2022,11,12,10190.0,10338.0,1.0145240431795879,0.15,0.15217860647693818
0500000US25021,"Norfolk County, Massachusetts",2023,11,12,9716.0,9158.0,0.9425689584191025,0.15,0.14138534376286538
0500000US25021,"Norfolk County, Massachusetts",2024,11,12,11533.0,9140.0,0.7925084540015608,0.4,0.31700338160062436
0500000US25023,"Plymouth County, Massachusetts",2020,4,5,4995.0,6035.5,1.2083083083083084,0.15,0.18124624624624625
0500000US25023,"Plymouth County, Massachusetts",2021,4,5,5227.0,6246.0,1.1949493017026975,0.15,0.1792423952554046
0500000US25023,"Plymouth County, Massachusetts",2022,4,5,5459.0,4939.0,0.9047444586920681,0.15,0.13571166880381022
0500000US25023,"Plymouth County, Massachusetts",2023,4,5,5821.0,6889.0,1.183473629960488,0.15,0.1775210444940732
0500000US25023,"Plymouth County, Massachusetts",2024,4,5,5603.0,7607.0,1.3576655363198287,0.4,0.5430662145279315
0500000US25023,"Plymouth County, Massachusetts",2020,5,6,5825.0,5845.0,1.0034334763948498,0.15,0.15051502145922746
0500000US25023,"Plymouth County, Massachusetts",2021,5,6,6035.5,6270.0,1.038853450418358,0.15,0.1558280175627537
0500000US25023,"Plymouth County, Massachusetts",2022,5,6,6246.0,5400.0,0.8645533141210374,0.15,0.12968299711815562
0500000US25023,"Plymouth County, Massachusetts",2023,5,6,4939.0,7754.0,1.5699534318687993,0.15,0.2354930147803199
0500000US25023,"Plymouth County, Massachusetts",2024,5,6,6889.0,5749.0,0.8345187980839018,0.4,0.3338075192335608
0500000US25023,"Plymouth County, Massachusetts",2020,6,7,5420.0,6934.0,1.2793357933579337,0.15,0.19190036900369004
0500000US25023,"Plymouth County, Massachusetts",2021,6,7,5845.0,5288.0,0.904704875962361,0.15,0.13570573139435416
0500000US25023,"Plymouth County, Massachusetts",2022,6,7,6270.0,6807.0,1.085645933014354,0.15,0.1628468899521531
0500000US25023,"Plymouth County, Massachusetts",2023,6,7,5400.0,5719.0,1.059074074074074,0.15,0.1588611111111111
0500000US25023,"Plymouth County, Massachusetts",2024,6,7,7754.0,6816.0,0.8790301779726593,0.4,0.35161207118906374
0500000US25023,"Plymouth County, Massachusetts",2020,7,8,8580.0,7308.5,0.8518065268065268,0.15,0.127770979020979
0500000US25023,"Plymouth County, Massachusetts",2021,7,8,6934.0,5989.0,0.8637150274012114,0.15,0.1295572541101817
0500000US25023,"Plymouth County, Massachusetts",2022,7,8,5288.0,6768.0,1.2798789712556733,0.15,0.191981845688351
0500000US25023,"Plymouth County, Massachusetts",2023,7,8,6807.0,5729.0,0.841633612457764,0.15,0.1262450418686646
0500000US25023,"Plymouth County, Massachusetts",2024,7,8,5719.0,9016.0,1.5764993880048959,0.4,0.6305997552019584
0500000US25023,"Plymouth County, Massachusetts",2020,8,9,8628.0,6630.5,0.7684863235975893,0.15,0.11527294853963839
0500000US25023,"Plymouth County, Massachusetts",2021,8,9,7308.5,6452.0,0.8828076896764042,0.15,0.13242115345146063
0500000US25023,"Plymouth County, Massachusetts",2022,8,9,5989.0,7818.0,1.3053932209049925,0.15,0.19580898313574888
0500000US25023,"Plymouth County, Massachusetts",2023,8,9,6768.0,5815.0,0.8591903073286052,0.15,0.12887854609929078
0500000US25023,"Plymouth County, Massachusetts",2024,8,9,5729.0,6460.0,1.1275964391691395,0.4,0.4510385756676558
0500000US25023,"Plymouth County, Massachusetts",2020,9,10,6809.0,7560.5,1.1103686297547364,0.15,0.16655529446321046
0500000US25023,"Plymouth County, Massachusetts",2021,9,10,6630.5,7606.0,1.147123143051052,0.15,0.1720684714576578
0500000US25023,"Plymouth County, Massachusetts",2022,9,10,6452.0,6220.0,0.9640421574705518,0.15,0.14460632362058276
0500000US25023,"Plymouth County, Massachusetts",2023,9,10,7818.0,6105.0,0.7808902532617038,0.15,0.11713353798925556
0500000US25023,"Plymouth County, Massachusetts",2024,9,10,5815.0,7337.0,1.2617368873602752,0.4,0.5046947549441101
0500000US25023,"Plymouth County, Massachusetts",2020,10,11,7515.0,7044.5,0.937391882900865,0.15,0.14060878243512973
0500000US25023,"Plymouth County, Massachusetts",2021,10,11,7560.5,7180.0,0.9496726406983665,0.15,0.14245089610475498
0500000US25023,"Plymouth County, Massachusetts",2022,10,11,7606.0,5700.0,0.7494083618196161,0.15,0.11241125427294242
0500000US25023,"Plymouth County, Massachusetts",2023,10,11,6220.0,6939.0,1.1155948553054662,0.15,0.16733922829581993
0500000US25023,"Plymouth County, Massachusetts",2024,10,11,6105.0,7323.0,1.1995085995085994,0.4,0.4798034398034398
0500000US25023,"Plymouth County, Massachusetts",2020,11,12,6909.0,8130.0,1.1767260095527572,0.15,0.17650890143291356
0500000US25023,"Plymouth County, Massachusetts",2021,11,12,7044.5,8328.0,1.18219887855774,0.15,0.177329831783661
0500000US25023,"Plymouth County, Massachusetts",2022,11,12,7180.0,8870.0,1.2353760445682451,0.15,0.18530640668523676
0500000US25023,"Plymouth County, Massachusetts",2023,11,12,5700.0,7232.0,1.2687719298245614,0.15,0.19031578947368422
0500000US25023,"Plymouth County, Massachusetts",2024,11,12,6939.0,8128.0,1.1713503386655137,0.4,0.46854013546620554
0500000US25025,"Suffolk County, Massachusetts",2020,4,5,7747.0,7012.5,0.9051891054601782,0.15,0.13577836581902672
0500000US25025,"Suffolk County, Massachusetts",2021,4,5,7346.5,7000.0,0.9528346831824679,0.15,0.14292520247737017
0500000US25025,"Suffolk County, Massachusetts",2022,4,5,6946.0,7161.0,1.030953066513101,0.15,0.15464295997696514
0500000US25025,"Suffolk County, Massachusetts",2023,4,5,6422.0,8607.0,1.3402366863905326,0.15,0.2010355029585799
0500000US25025,"Suffolk County, Massachusetts",2024,4,5,4796.0,6439.0,1.3425771476230193,0.4,0.5370308590492078
0500000US25025,"Suffolk County, Massachusetts",2020,5,6,7025.0,6091.5,0.8671174377224199,0.15,0.13006761565836297
0500000US25025,"Suffolk County, Massachusetts",2021,5,6,7012.5,6987.0,0.9963636363636363,0.15,0.14945454545454545
0500000US25025,"Suffolk County, Massachusetts",2022,5,6,7000.0,4988.0,0.7125714285714285,0.15,0.10688571428571428
0500000US25025,"Suffolk County, Massachusetts",2023,5,6,7161.0,3843.0,0.5366568914956011,0.15,0.08049853372434017
0500000US25025,"Suffolk County, Massachusetts",2024,5,6,8607.0,7205.0,0.8371093296154293,0.4,0.3348437318461717
0500000US25025,"Suffolk County, Massachusetts",2020,6,7,5196.0,7787.0,1.4986528098537337,0.15,0.22479792147806005
0500000US25025,"Suffolk County, Massachusetts",2021,6,7,6091.5,8214.0,1.3484363457276534,0.15,0.202265451859148
0500000US25025,"Suffolk County, Massachusetts",2022,6,7,6987.0,7218.0,1.0330613997423788,0.15,0.15495920996135681
0500000US25025,"Suffolk County, Massachusetts",2023,6,7,4988.0,7227.0,1.44887730553328,0.15,0.21733159582999198
0500000US25025,"Suffolk County, Massachusetts",2024,6,7,3843.0,5740.0,1.493624772313297,0.4,0.5974499089253188
0500000US25025,"Suffolk County, Massachusetts",2020,7,8,7360.0,8113.0,1.1023097826086956,0.15,0.16534646739130435
0500000US25025,"Suffolk County, Massachusetts",2021,7,8,7787.0,7227.0,0.9280852703223321,0.15,0.1392127905483498
0500000US25025,"Suffolk County, Massachusetts",2022,7,8,8214.0,5974.0,0.7272948624299975,0.15,0.10909422936449963
0500000US25025,"Suffolk County, Massachusetts",2023,7,8,7218.0,7316.0,1.0135771681906345,0.15,0.15203657522859518
0500000US25025,"Suffolk County, Massachusetts",2024,7,8,7227.0,7352.0,1.0172962501729625,0.4,0.40691850006918506
0500000US25025,"Suffolk County, Massachusetts",2020,8,9,8999.0,8019.0,0.8910990110012224,0.15,0.13366485165018335
0500000US25025,"Suffolk County, Massachusetts",2021,8,9,8113.0,8456.0,1.0422778257118206,0.15,0.15634167385677308
0500000US25025,"Suffolk County, Massachusetts",2022,8,9,7227.0,7930.0,1.097274110972741,0.15,0.16459111664591117
0500000US25025,"Suffolk County, Massachusetts",2023,8,9,5974.0,8071.0,1.3510210913960496,0.15,0.20265316370940745
0500000US25025,"Suffolk County, Massachusetts",2024,8,9,7316.0,5707.0,0.7800710770913067,0.4,0.3120284308365227
0500000US25025,"Suffolk County, Massachusetts",2020,9,10,7582.0,6720.5,0.8863756264837773,0.15,0.1329563439725666
0500000US25025,"Suffolk County, Massachusetts",2021,9,10,8019.0,6165.0,0.7687991021324355,0.15,0.11531986531986532
0500000US25025,"Suffolk County, Massachusetts",2022,9,10,8456.0,8218.0,0.9718543046357616,0.15,0.14577814569536424
0500000US25025,"Suffolk County, Massachusetts",2023,9,10,7930.0,7281.0,0.9181588902900378,0.15,0.13772383354350567
0500000US25025,"Suffolk County, Massachusetts",2024,9,10,8071.0,8429.0,1.0443563375046463,0.4,0.41774253500185854
0500000US25025,"Suffolk County, Massachusetts",2020,10,11,7276.0,7501.5,1.0309923034634414,0.15,0.15464884551951621
0500000US25025,"Suffolk County, Massachusetts",2021,10,11,6720.5,7683.0,1.1432185105274906,0.15,0.17148277657912359
0500000US25025,"Suffolk County, Massachusetts",2022,10,11,6165.0,4797.0,0.7781021897810219,0.15,0.11671532846715327
0500000US25025,"Suffolk County, Massachusetts",2023,10,11,8218.0,4841.0,0.5890727670966172,0.15,0.08836091506449258
0500000US25025,"Suffolk County, Massachusetts",2024,10,11,7281.0,6240.0,0.8570251339101772,0.4,0.3428100535640709
0500000US25025,"Suffolk County, Massachusetts",2020,11,12,7320.0,8026.0,1.096448087431694,0.15,0.1644672131147541
0500000US25025,"Suffolk County, Massachusetts",2021,11,12,7501.5,7891.0,1.0519229487435846,0.15,0.15778844231153769
0500000US25025,"Suffolk County, Massachusetts",2022,11,12,7683.0,6031.0,0.7849798255889626,0.15,0.11774697383834438
0500000US25025,"Suffolk County, Massachusetts",2023,11,12,4797.0,9662.0,2.0141755263706482,0.15,0.3021263289555972
0500000US25025,"Suffolk County, Massachusetts",2024,11,12,4841.0,9380.0,1.9376161950010329,0.4,0.7750464780004132
0500000US25027,"Worcester County, Massachusetts",2020,4,5,8838.0,10418.0,1.1787734781624801,0.15,0.17681602172437202
0500000US25027,"Worcester County, Massachusetts",2021,4,5,8971.5,11015.0,1.2277768489104386,0.15,0.18416652733656577
0500000US25027,"Worcester County, Massachusetts",2022,4,5,9105.0,10021.0,1.100604063701263,0.15,0.16509060955518945
0500000US25027,"Worcester County, Massachusetts",2023,4,5,9777.0,9783.0,1.0006136851795029,0.15,0.15009205277692542
0500000US25027,"Worcester County, Massachusetts",2024,4,5,9875.0,11057.0,1.1196962025316455,0.4,0.4478784810126582
0500000US25027,"Worcester County, Massachusetts",2020,5,6,9821.0,9653.0,0.9828937990021382,0.15,0.14743406985032073
0500000US25027,"Worcester County, Massachusetts",2021,5,6,10418.0,10532.0,1.0109425993472836,0.15,0.15164138990209253
0500000US25027,"Worcester County, Massachusetts",2022,5,6,11015.0,10790.0,0.9795733091239219,0.15,0.14693599636858828
0500000US25027,"Worcester County, Massachusetts",2023,5,6,10021.0,10006.0,0.9985031433988624,0.15,0.14977547150982934
0500000US25027,"Worcester County, Massachusetts",2024,5,6,9783.0,8991.0,0.9190432382704692,0.4,0.3676172953081877
0500000US25027,"Worcester County, Massachusetts",2020,6,7,8774.0,10155.0,1.1573968543423752,0.15,0.17360952815135627
0500000US25027,"Worcester County, Massachusetts",2021,6,7,9653.0,11207.0,1.1609862218999274,0.15,0.1741479332849891
0500000US25027,"Worcester County, Massachusetts",2022,6,7,10532.0,11422.0,1.0845043676414736,0.15,0.16267565514622104
0500000US25027,"Worcester County, Massachusetts",2023,6,7,10790.0,11691.0,1.0835032437442076,0.15,0.16252548656163113
0500000US25027,"Worcester County, Massachusetts",2024,6,7,10006.0,10961.0,1.0954427343593844,0.4,0.4381770937437538
0500000US25027,"Worcester County, Massachusetts",2020,7,8,9103.0,12100.5,1.3292870482258596,0.15,0.19939305723387893
0500000US25027,"Worcester County, Massachusetts",2021,7,8,10155.0,13164.0,1.2963072378138847,0.15,0.19444608567208269
0500000US25027,"Worcester County, Massachusetts",2022,7,8,11207.0,11289.0,1.007316855536718,0.15,0.15109752833050769
0500000US25027,"Worcester County, Massachusetts",2023,7,8,11422.0,11991.0,1.0498161442829628,0.15,0.1574724216424444
0500000US25027,"Worcester County, Massachusetts",2024,7,8,11691.0,8689.0,0.7432212813275169,0.4,0.29728851253100674
0500000US25027,"Worcester County, Massachusetts",2020,8,9,11037.0,10628.0,0.9629428286672103,0.15,0.14444142430008153
0500000US25027,"Worcester County, Massachusetts",2021,8,9,12100.5,10132.0,0.8373207718689311,0.15,0.12559811578033966
0500000US25027,"Worcester County, Massachusetts",2022,8,9,13164.0,11090.0,0.8424491036159222,0.15,0.1263673655423883
0500000US25027,"Worcester County, Massachusetts",2023,8,9,11289.0,9757.0,0.8642926742847019,0.15,0.12964390114270527
0500000US25027,"Worcester County, Massachusetts",2024,8,9,11991.0,11672.0,0.9733967142023184,0.4,0.3893586856809274
0500000US25027,"Worcester County, Massachusetts",2020,9,10,11124.0,11005.0,0.9893024092053219,0.15,0.14839536138079829
0500000US25027,"Worcester County, Massachusetts",2021,9,10,10628.0,10353.0,0.9741249529544599,0.15,0.14611874294316898
0500000US25027,"Worcester County, Massachusetts",2022,9,10,10132.0,12736.0,1.257007500986972,0.15,0.18855112514804578
0500000US25027,"Worcester County, Massachusetts",2023,9,10,11090.0,11790.0,1.0631199278629395,0.15,0.1594679891794409
0500000US25027,"Worcester County, Massachusetts",2024,9,10,9757.0,8971.0,0.9194424515732295,0.4,0.3677769806292918
0500000US25027,"Worcester County, Massachusetts",2020,10,11,11657.0,11417.5,0.9794544050784936,0.15,0.14691816076177402
0500000US25027,"Worcester County, Massachusetts",2021,10,11,11005.0,11788.0,1.0711494775102226,0.15,0.1606724216265334
0500000US25027,"Worcester County, Massachusetts",2022,10,11,10353.0,9131.0,0.8819665797353424,0.15,0.13229498696030137
0500000US25027,"Worcester County, Massachusetts",2023,10,11,12736.0,11087.0,0.8705244974874372,0.15,0.13057867462311556
0500000US25027,"Worcester County, Massachusetts",2024,10,11,11790.0,10403.0,0.8823579304495335,0.4,0.3529431721798134
0500000US25027,"Worcester County, Massachusetts",2020,11,12,11047.0,12336.5,1.1167285235810627,0.15,0.16750927853715938
0500000US25027,"Worcester County, Massachusetts",2021,11,12,11417.5,13788.0,1.2076198817604555,0.15,0.18114298226406833
0500000US25027,"Worcester County, Massachusetts",2022,11,12,11788.0,10266.0,0.8708856464200883,0.15,0.13063284696301322
0500000US25027,"Worcester County, Massachusetts",2023,11,12,9131.0,9545.0,1.0453400503778338,0.15,0.15680100755667506
0500000US25027,"Worcester County, Massachusetts",2024,11,12,11087.0,14567.0,1.3138811220348154,0.4,0.5255524488139262
