GEO_ID,NAME,year,grade,projected_enrollment,value_status
0500000US25001,"Barnstable County, Massachusetts",2025,9,1431.9345171410798,Projected
0500000US25001,"Barnstable County, Massachusetts",2025,10,1785.1449929835765,Projected
0500000US25001,"Barnstable County, Massachusetts",2025,11,3690.397665334261,Projected
0500000US25001,"Barnstable County, Massachusetts",2025,12,3032.925731490787,Projected
0500000US25001,"Barnstable County, Massachusetts",2026,9,2034.3919960662597,Projected
0500000US25001,"Barnstable County, Massachusetts",2026,10,2184.7954987647468,Projected
0500000US25001,"Barnstable County, Massachusetts",2026,11,2047.2016514573452,Projected
0500000US25001,"Barnstable County, Massachusetts",2026,12,4785.250978463363,Projected
0500000US25001,"Barnstable County, Massachusetts",2027,9,3464.750307111117,Projected
0500000US25001,"Barnstable County, Massachusetts",2027,10,3104.0040047380744,Projected
0500000US25001,"Barnstable County, Massachusetts",2027,11,2505.520263478628,Projected
0500000US25001,"Barnstable County, Massachusetts",2027,12,2654.5577452994507,Projected
0500000US25001,"Barnstable County, Massachusetts",2028,9,1503.1229316086067,Projected
0500000US25001,"Barnstable County, Massachusetts",2028,10,5286.39458348523,Projected
0500000US25001,"Barnstable County, Massachusetts",2028,11,3559.667225690984,Projected
0500000US25001,"Barnstable County, Massachusetts",2028,12,3248.848601058532,Projected
0500000US25001,"Barnstable County, Massachusetts",2029,9,2089.0756948654334,Projected
0500000US25001,"Barnstable County, Massachusetts",2029,10,2293.4122864956403,Projected
0500000US25001,"Barnstable County, Massachusetts",2029,11,6062.429530431814,Projected
0500000US25001,"Barnstable County, Massachusetts",2029,12,4615.735923190512,Projected
0500000US25003,"Berkshire County, Massachusetts",2025,9,1649.9920800927407,Projected
0500000US25003,"Berkshire County, Massachusetts",2025,10,2113.4639949454663,Projected
0500000US25003,"Berkshire County, Massachusetts",2025,11,1944.2547845397423,Projected
0500000US25003,"Berkshire County, Massachusetts",2025,12,1240.966182408594,Projected
0500000US25003,"Berkshire County, Massachusetts",2026,9,1666.193398814153,Projected
0500000US25003,"Berkshire County, Massachusetts",2026,10,1876.8562180953625,Projected
0500000US25003,"Berkshire County, Massachusetts",2026,11,2861.498944376881,Projected
0500000US25003,"Berkshire County, Massachusetts",2026,12,1232.88422973936,Projected
0500000US25003,"Berkshire County, Massachusetts",2027,9,1080.8786277883873,Projected
0500000US25003,"Berkshire County, Massachusetts",2027,10,1895.2851221795072,Projected
0500000US25003,"Berkshire County, Massachusetts",2027,11,2541.1467144325034,Projected
0500000US25003,"Berkshire County, Massachusetts",2027,12,1814.5239759681142,Projected
0500000US25003,"Berkshire County, Massachusetts",2028,9,1584.9351159117216,Projected
0500000US25003,"Berkshire County, Massachusetts",2028,10,1229.4930369950584,Projected
0500000US25003,"Berkshire County, Massachusetts",2028,11,2566.0983056159453,Projected
0500000US25003,"Berkshire County, Massachusetts",2028,12,1611.383309734004,Projected
0500000US25003,"Berkshire County, Massachusetts",2029,9,1627.305973777473,Projected
0500000US25003,"Berkshire County, Massachusetts",2029,10,1802.8543066760726,Projected
0500000US25003,"Berkshire County, Massachusetts",2029,11,1664.6571864456414,Projected
0500000US25003,"Berkshire County, Massachusetts",2029,12,1627.205527851498,Projected
0500000US25005,"Bristol County, Massachusetts",2025,9,4984.990260928748,Projected
0500000US25005,"Bristol County, Massachusetts",2025,10,7944.4387242909215,Projected
0500000US25005,"Bristol County, Massachusetts",2025,11,6304.294705961136,Projected
0500000US25005,"Bristol County, Massachusetts",2025,12,12048.3664668532,Projected
0500000US25005,"Bristol County, Massachusetts",2026,9,5985.043203318775,Projected
0500000US25005,"Bristol County, Massachusetts",2026,10,4612.5028731813945,Projected
0500000US25005,"Bristol County, Massachusetts",2026,11,7790.3379983480945,Projected
0500000US25005,"Bristol County, Massachusetts",2026,12,9720.559627906618,Projected
0500000US25005,"Bristol County, Massachusetts",2027,9,4870.169939682327,Projected
0500000US25005,"Bristol County, Massachusetts",2027,10,5537.8300711623415,Projected
0500000US25005,"Bristol County, Massachusetts",2027,11,4523.032733648778,Projected
0500000US25005,"Bristol County, Massachusetts",2027,12,12011.882148035509,Projected
0500000US25005,"Bristol County, Massachusetts",2028,9,7450.181542014654,Projected
0500000US25005,"Bristol County, Massachusetts",2028,10,4506.262131689944,Projected
0500000US25005,"Bristol County, Massachusetts",2028,11,5430.411074839187,Projected
0500000US25005,"Bristol County, Massachusetts",2028,12,6974.040941460622,Projected
0500000US25005,"Bristol County, Massachusetts",2029,9,9049.331353968792,Projected
0500000US25005,"Bristol County, Massachusetts",2029,10,6893.490652850998,Projected
0500000US25005,"Bristol County, Massachusetts",2029,11,4418.852776557172,Projected
0500000US25005,"Bristol County, Massachusetts",2029,12,8373.122945395535,Projected
0500000US25009,"Essex County, Massachusetts",2025,9,11221.419866544491,Projected
0500000US25009,"Essex County, Massachusetts",2025,10,12488.755464234186,Projected
0500000US25009,"Essex County, Massachusetts",2025,11,10609.697102459815,Projected
0500000US25009,"Essex County, Massachusetts",2025,12,11975.989271402848,Projected
0500000US25009,"Essex County, Massachusetts",2026,9,11252.6145597542,Projected
0500000US25009,"Essex County, Massachusetts",2026,10,10472.393414644564,Projected
0500000US25009,"Essex County, Massachusetts",2026,11,14227.629406444177,Projected
0500000US25009,"Essex County, Massachusetts",2026,12,10834.039791259604,Projected
0500000US25009,"Essex County, Massachusetts",2027,9,11614.680614356834,Projected
0500000US25009,"Essex County, Massachusetts",2027,10,10501.505871323525,Projected
0500000US25009,"Essex County, Massachusetts",2027,11,11930.518851838686,Projected
0500000US25009,"Essex County, Massachusetts",2027,12,14528.47349327005,Projected
0500000US25009,"Essex County, Massachusetts",2028,9,15218.57679756743,Projected
0500000US25009,"Essex County, Massachusetts",2028,10,10839.404124038543,Projected
0500000US25009,"Essex County, Massachusetts",2028,11,11963.684786260705,Projected
0500000US25009,"Essex County, Massachusetts",2028,12,12182.790396648152,Projected
0500000US25009,"Essex County, Massachusetts",2029,9,12092.197755971585,Projected
0500000US25009,"Essex County, Massachusetts",2029,10,14202.741304624707,Projected
0500000US25009,"Essex County, Massachusetts",2029,11,12348.630358338098,Projected
0500000US25009,"Essex County, Massachusetts",2029,12,12216.65762676532,Projected
0500000US25011,"Franklin County, Massachusetts",2025,9,815.8829570037517,Projected
0500000US25011,"Franklin County, Massachusetts",2025,10,724.2935625772739,Projected
0500000US25011,"Franklin County, Massachusetts",2025,11,494.62030898621924,Projected
0500000US25011,"Franklin County, Massachusetts",2025,12,1067.747524094034,Projected
0500000US25011,"Franklin County, Massachusetts",2026,9,643.3471161639135,Projected
0500000US25011,"Franklin County, Massachusetts",2026,10,839.4016670089887,Projected
0500000US25011,"Franklin County, Massachusetts",2026,11,1041.4253073218044,Projected
0500000US25011,"Franklin County, Massachusetts",2026,12,453.71959646620417,Projected
0500000US25011,"Franklin County, Massachusetts",2027,9,704.88666125531,Projected
0500000US25011,"Franklin County, Massachusetts",2027,10,661.892293665023,Projected
0500000US25011,"Franklin County, Massachusetts",2027,11,1206.9334648242254,Projected
0500000US25011,"Franklin County, Massachusetts",2027,12,955.3086713245061,Projected
0500000US25011,"Franklin County, Massachusetts",2028,9,358.92068498486327,Projected
0500000US25011,"Franklin County, Massachusetts",2028,10,725.2057828037052,Projected
0500000US25011,"Franklin County, Massachusetts",2028,11,951.7016593261367,Projected
0500000US25011,"Franklin County, Massachusetts",2028,12,1107.1307721755159,Projected
0500000US25011,"Franklin County, Massachusetts",2029,9,1048.2475942103963,Projected
0500000US25011,"Franklin County, Massachusetts",2029,10,369.26696251471884,Projected
0500000US25011,"Franklin County, Massachusetts",2029,11,1042.736942933028,Projected
0500000US25011,"Franklin County, Massachusetts",2029,12,873.0043732144899,Projected
0500000US25013,"Hampden County, Massachusetts",2025,9,8901.325236295648,Projected
0500000US25013,"Hampden County, Massachusetts",2025,10,6123.284152088935,Projected
0500000US25013,"Hampden County, Massachusetts",2025,11,5768.075645300668,Projected
0500000US25013,"Hampden County, Massachusetts",2025,12,7646.2465657065495,Projected
0500000US25013,"Hampden County, Massachusetts",2026,9,7938.656186561082,Projected
0500000US25013,"Hampden County, Massachusetts",2026,10,8549.857843450734,Projected
0500000US25013,"Hampden County, Massachusetts",2026,11,7123.752760572758,Projected
0500000US25013,"Hampden County, Massachusetts",2026,12,6128.978403782076,Projected
0500000US25013,"Hampden County, Massachusetts",2027,9,6768.653916028438,Projected
0500000US25013,"Hampden County, Massachusetts",2027,10,7625.199626047412,Projected
0500000US25013,"Hampden County, Massachusetts",2027,11,9946.798466637973,Projected
0500000US25013,"Hampden County, Massachusetts",2027,12,7569.478888336854,Projected
0500000US25013,"Hampden County, Massachusetts",2028,9,7166.103827311072,Projected
0500000US25013,"Hampden County, Massachusetts",2028,10,6501.394706665355,Projected
0500000US25013,"Hampden County, Massachusetts",2028,11,8871.062576353335,Projected
0500000US25013,"Hampden County, Massachusetts",2028,12,10569.15975754666,Projected
0500000US25013,"Hampden County, Massachusetts",2029,9,7551.6912670123065,Projected
0500000US25013,"Hampden County, Massachusetts",2029,10,6883.15137223494,Projected
0500000US25013,"Hampden County, Massachusetts",2029,11,7563.641885438305,Projected
0500000US25013,"Hampden County, Massachusetts",2029,12,9426.116142108058,Projected
0500000US25015,"Hampshire County, Massachusetts",2025,9,891.2512983196591,Projected
0500000US25015,"Hampshire County, Massachusetts",2025,10,1045.28853366232,Projected
0500000US25015,"Hampshire County, Massachusetts",2025,11,1318.3002047480609,Projected
0500000US25015,"Hampshire County, Massachusetts",2025,12,2892.1408544652973,Projected
0500000US25015,"Hampshire County, Massachusetts",2026,9,2084.6488700019804,Projected
0500000US25015,"Hampshire County, Massachusetts",2026,10,1014.8308962365965,Projected
0500000US25015,"Hampshire County, Massachusetts",2026,11,1087.6117505507789,Projected
0500000US25015,"Hampshire County, Massachusetts",2026,12,1800.1463081217341,Projected
0500000US25015,"Hampshire County, Massachusetts",2027,9,1946.5390458986014,Projected
0500000US25015,"Hampshire County, Massachusetts",2027,10,2373.703224972966,Projected
0500000US25015,"Hampshire County, Massachusetts",2027,11,1055.9208984162299,Projected
0500000US25015,"Hampshire County, Massachusetts",2027,12,1485.1399327499657,Projected
0500000US25015,"Hampshire County, Massachusetts",2028,9,2212.096366131894,Projected
0500000US25015,"Hampshire County, Massachusetts",2028,10,2216.443295211112,Projected
0500000US25015,"Hampshire County, Massachusetts",2028,11,2469.813297153112,Projected
0500000US25015,"Hampshire County, Massachusetts",2028,12,1441.865896786251,Projected
0500000US25015,"Hampshire County, Massachusetts",2029,9,1954.0937569244704,Projected
0500000US25015,"Hampshire County, Massachusetts",2029,10,2518.822404001911,Projected
0500000US25015,"Hampshire County, Massachusetts",2029,11,2306.185990441417,Projected
0500000US25015,"Hampshire County, Massachusetts",2029,12,3372.5438808301014,Projected
0500000US25017,"Middlesex County, Massachusetts",2025,9,17418.88256779056,Projected
0500000US25017,"Middlesex County, Massachusetts",2025,10,20154.372145408503,Projected
0500000US25017,"Middlesex County, Massachusetts",2025,11,18949.375398431555,Projected
0500000US25017,"Middlesex County, Massachusetts",2025,12,20365.76892287519,Projected
0500000US25017,"Middlesex County, Massachusetts",2026,9,15659.37386159625,Projected
0500000US25017,"Middlesex County, Massachusetts",2026,10,18639.057161052286,Projected
0500000US25017,"Middlesex County, Massachusetts",2026,11,19164.630856234347,Projected
0500000US25017,"Middlesex County, Massachusetts",2026,12,21011.520694575764,Projected
0500000US25017,"Middlesex County, Massachusetts",2027,9,19805.605652888997,Projected
0500000US25017,"Middlesex County, Massachusetts",2027,10,16756.29670139068,Projected
0500000US25017,"Middlesex County, Massachusetts",2027,11,17723.72998884001,Projected
0500000US25017,"Middlesex County, Massachusetts",2027,12,21250.201094913293,Projected
0500000US25017,"Middlesex County, Massachusetts",2028,9,17352.332175222815,Projected
0500000US25017,"Middlesex County, Massachusetts",2028,10,21192.967714018116,Projected
0500000US25017,"Middlesex County, Massachusetts",2028,11,15933.42816550343,Projected
0500000US25017,"Middlesex County, Massachusetts",2028,12,19652.49574803446,Projected
0500000US25017,"Middlesex County, Massachusetts",2029,9,19052.862160858152,Projected
0500000US25017,"Middlesex County, Massachusetts",2029,10,18567.84498275479,Projected
0500000US25017,"Middlesex County, Massachusetts",2029,11,20152.223053982794,Projected
0500000US25017,"Middlesex County, Massachusetts",2029,12,17667.366263835902,Projected
0500000US25021,"Norfolk County, Massachusetts",2025,9,9074.343854506122,Projected
0500000US25021,"Norfolk County, Massachusetts",2025,10,7473.467684557021,Projected
0500000US25021,"Norfolk County, Massachusetts",2025,11,12258.69394680278,Projected
0500000US25021,"Norfolk County, Massachusetts",2025,12,9445.171195639277,Projected
0500000US25021,"Norfolk County, Massachusetts",2026,9,6046.691940380112,Projected
0500000US25021,"Norfolk County, Massachusetts",2026,10,9707.531571029216,Projected
0500000US25021,"Norfolk County, Massachusetts",2026,11,9206.607684283523,Projected
0500000US25021,"Norfolk County, Massachusetts",2026,12,10891.304953673143,Projected
0500000US25021,"Norfolk County, Massachusetts",2027,9,8159.14639738215,Projected
0500000US25021,"Norfolk County, Massachusetts",2027,10,6468.616778543109,Projected
0500000US25021,"Norfolk County, Massachusetts",2027,11,11958.763793404956,Projected
0500000US25021,"Norfolk County, Massachusetts",2027,12,8179.661904726363,Projected
0500000US25021,"Norfolk County, Massachusetts",2028,9,9974.340685850326,Projected
0500000US25021,"Norfolk County, Massachusetts",2028,10,8728.473652219487,Projected
0500000US25021,"Norfolk County, Massachusetts",2028,11,7968.726092584997,Projected
0500000US25021,"Norfolk County, Massachusetts",2028,12,10624.830337402163,Projected
0500000US25021,"Norfolk County, Massachusetts",2029,9,7765.968233160371,Projected
0500000US25021,"Norfolk County, Massachusetts",2029,10,10670.328197890742,Projected
0500000US25021,"Norfolk County, Massachusetts",2029,11,10752.65673050855,Projected
0500000US25021,"Norfolk County, Massachusetts",2029,12,7079.859105975256,Projected
0500000US25023,"Plymouth County, Massachusetts",2025,9,9227.15658535445,Projected
0500000US25023,"Plymouth County, Massachusetts",2025,10,7138.677150787316,Projected
0500000US25023,"Plymouth County, Massachusetts",2025,11,7649.655989891982,Projected
0500000US25023,"Plymouth County, Massachusetts",2025,12,8772.961797835776,Projected
0500000US25023,"Plymouth County, Massachusetts",2026,9,8413.69270624227,Projected
0500000US25023,"Plymouth County, Massachusetts",2026,10,10196.546731053642,Projected
0500000US25023,"Plymouth County, Massachusetts",2026,11,7442.881889931201,Projected
0500000US25023,"Plymouth County, Massachusetts",2026,12,9164.29602156329,Projected
0500000US25023,"Plymouth County, Massachusetts",2027,9,7103.15707674228,Projected
0500000US25023,"Plymouth County, Massachusetts",2027,10,9297.621652600246,Projected
0500000US25023,"Plymouth County, Massachusetts",2027,11,10631.058304132208,Projected
0500000US25023,"Plymouth County, Massachusetts",2027,12,8916.580429628591,Projected
0500000US25023,"Plymouth County, Massachusetts",2028,9,9448.865935138352,Projected
0500000US25023,"Plymouth County, Massachusetts",2028,10,7849.403269689372,Projected
0500000US25023,"Plymouth County, Massachusetts",2028,11,9693.826791135732,Projected
0500000US25023,"Plymouth County, Massachusetts",2028,12,12736.019168744593,Projected
0500000US25023,"Plymouth County, Massachusetts",2029,9,8306.685332876692,Projected
0500000US25023,"Plymouth County, Massachusetts",2029,10,10441.548506505385,Projected
0500000US25023,"Plymouth County, Massachusetts",2029,11,8183.894608021946,Projected
0500000US25023,"Plymouth County, Massachusetts",2029,12,11613.214818171617,Projected
0500000US25025,"Suffolk County, Massachusetts",2025,9,7126.140948209561,Projected
0500000US25025,"Suffolk County, Massachusetts",2025,10,5418.914769203747,Projected
0500000US25025,"Suffolk County, Massachusetts",2025,11,7367.097040889232,Projected
0500000US25025,"Suffolk County, Massachusetts",2025,12,9467.174722016834,Projected
0500000US25025,"Suffolk County, Massachusetts",2026,9,5411.26609685007,Projected
0500000US25025,"Suffolk County, Massachusetts",2026,10,6766.418509143225,Projected
0500000US25025,"Suffolk County, Massachusetts",2026,11,4736.228610871026,Projected
0500000US25025,"Suffolk County, Massachusetts",2026,12,11177.178666690956,Projected
0500000US25025,"Suffolk County, Massachusetts",2027,9,9487.602500617817,Projected
0500000US25025,"Suffolk County, Massachusetts",2027,10,5138.10929951154,Projected
0500000US25025,"Suffolk County, Massachusetts",2027,11,5913.971025759542,Projected
0500000US25025,"Suffolk County, Massachusetts",2027,12,7185.689708738956,Projected
0500000US25025,"Suffolk County, Massachusetts",2028,9,6797.981303255978,Projected
0500000US25025,"Suffolk County, Massachusetts",2028,10,9008.675190981652,Projected
0500000US25025,"Suffolk County, Massachusetts",2028,11,4490.799598552248,Projected
0500000US25025,"Suffolk County, Massachusetts",2028,12,8972.531570802998,Projected
0500000US25025,"Suffolk County, Massachusetts",2029,9,8230.374542012616,Projected
0500000US25025,"Suffolk County, Massachusetts",2029,10,6454.824125632513,Projected
0500000US25025,"Suffolk County, Massachusetts",2029,11,7873.743545119606,Projected
0500000US25025,"Suffolk County, Massachusetts",2029,12,6813.330839913013,Projected
0500000US25027,"Worcester County, Massachusetts",2025,9,7953.993079867137,Projected
0500000US25027,"Worcester County, Massachusetts",2025,10,11792.340646004865,Projected
0500000US25027,"Worcester County, Massachusetts",2025,11,8283.887930295445,Projected
0500000US25027,"Worcester County, Massachusetts",2025,12,12084.525982694762,Projected
0500000US25027,"Worcester County, Massachusetts",2026,9,10030.769278825248,Projected
0500000US25027,"Worcester County, Massachusetts",2026,10,8036.000333598239,Projected
0500000US25027,"Worcester County, Massachusetts",2026,11,10889.134806306107,Projected
0500000US25027,"Worcester County, Massachusetts",2026,12,9622.88368080235,Projected
0500000US25027,"Worcester County, Massachusetts",2027,9,9142.377739643385,Projected
0500000US25027,"Worcester County, Massachusetts",2027,10,10134.188509029118,Projected
0500000US25027,"Worcester County, Massachusetts",2027,11,7420.502304240846,Projected
0500000US25027,"Worcester County, Massachusetts",2027,12,12649.238921068158,Projected
0500000US25027,"Worcester County, Massachusetts",2028,9,10831.709870558963,Projected
0500000US25027,"Worcester County, Massachusetts",2028,10,9236.637476038963,Projected
0500000US25027,"Worcester County, Massachusetts",2028,11,9357.984825915182,Projected
0500000US25027,"Worcester County, Massachusetts",2028,12,8619.941641857624,Projected
0500000US25027,"Worcester County, Massachusetts",2029,9,12392.239919309019,Projected
0500000US25027,"Worcester County, Massachusetts",2029,10,10943.386957875648,Projected
0500000US25027,"Worcester County, Massachusetts",2029,11,8529.1795456776,Projected
0500000US25027,"Worcester County, Massachusetts",2029,12,10870.596056371753,Projected
